"Program","Year","Period","Week Ending","Geo Level","State","State ANSI","Ag District","Ag District Code","County","County ANSI","Zip Code","Region","watershed_code","Watershed","Commodity","Data Item","Domain","Domain Category","Value","CV (%)"
"CENSUS","2022","YEAR","","COUNTY","CALIFORNIA","06","CENTRAL COAST","40","CONTRA COSTA","013","","","00000000","","ALMONDS","ALMONDS - ACRES BEARING","TOTAL","NOT SPECIFIED","1,064","10.4"
"CENSUS","2022","YEAR","","COUNTY","CALIFORNIA","06","CENTRAL COAST","40","MONTEREY","053","","","00000000","","ALMONDS","ALMONDS - ACRES BEARING","TOTAL","NOT SPECIFIED"," (D)","(D)"
"CENSUS","2022","YEAR","","COUNTY","CALIFORNIA","06","CENTRAL COAST","40","NAPA","055","","","00000000","","ALMONDS","ALMONDS - ACRES BEARING","TOTAL","NOT SPECIFIED"," (D)","(D)"
"CENSUS","2022","YEAR","","COUNTY","CALIFORNIA","06","CENTRAL COAST","40","SAN LUIS OBISPO","079","","","00000000","","ALMONDS","ALMONDS - ACRES BEARING","TOTAL","NOT SPECIFIED"," (D)","(D)"
"CENSUS","2022","YEAR","","COUNTY","CALIFORNIA","06","CENTRAL COAST","40","SANTA CLARA","085","","","00000000","","ALMONDS","ALMONDS - ACRES BEARING","TOTAL","NOT SPECIFIED"," (D)","(D)"
"CENSUS","2022","YEAR","","COUNTY","CALIFORNIA","06","CENTRAL COAST","40","SONOMA","097","","","00000000","","ALMONDS","ALMONDS - ACRES BEARING","TOTAL","NOT SPECIFIED"," (Z)","(L)"
"CENSUS","2022","YEAR","","COUNTY","CALIFORNIA","06","NORTHEAST","30","LASSEN","035","","","00000000","","ALMONDS","ALMONDS - ACRES BEARING","TOTAL","NOT SPECIFIED"," (D)","(D)"
"CENSUS","2022","YEAR","","COUNTY","CALIFORNIA","06","NORTHEAST","30","MODOC","049","","","00000000","","ALMONDS","ALMONDS - ACRES BEARING","TOTAL","NOT SPECIFIED"," (D)","(D)"
"CENSUS","2022","YEAR","","COUNTY","CALIFORNIA","06","SACRAMENTO VALLEY","50","BUTTE","007","","","00000000","","ALMONDS","ALMONDS - ACRES BEARING","TOTAL","NOT SPECIFIED","33,271","10.4"
"CENSUS","2022","YEAR","","COUNTY","CALIFORNIA","06","SACRAMENTO VALLEY","50","COLUSA","011","","","00000000","","ALMONDS","ALMONDS - ACRES BEARING","TOTAL","NOT SPECIFIED","63,097","10.4"
"CENSUS","2022","YEAR","","COUNTY","CALIFORNIA","06","SACRAMENTO VALLEY","50","GLENN","021","","","00000000","","ALMONDS","ALMONDS - ACRES BEARING","TOTAL","NOT SPECIFIED","54,543","10.4"
"CENSUS","2022","YEAR","","COUNTY","CALIFORNIA","06","SACRAMENTO VALLEY","50","SACRAMENTO","067","","","00000000","","ALMONDS","ALMONDS - ACRES BEARING","TOTAL","NOT SPECIFIED","4,397","10.4"
"CENSUS","2022","YEAR","","COUNTY","CALIFORNIA","06","SACRAMENTO VALLEY","50","SOLANO","095","","","00000000","","ALMONDS","ALMONDS - ACRES BEARING","TOTAL","NOT SPECIFIED","11,227","10.4"
"CENSUS","2022","YEAR","","COUNTY","CALIFORNIA","06","SACRAMENTO VALLEY","50","SUTTER","101","","","00000000","","ALMONDS","ALMONDS - ACRES BEARING","TOTAL","NOT SPECIFIED","9,364","10.4"
"CENSUS","2022","YEAR","","COUNTY","CALIFORNIA","06","SACRAMENTO VALLEY","50","TEHAMA","103","","","00000000","","ALMONDS","ALMONDS - ACRES BEARING","TOTAL","NOT SPECIFIED","11,283","10.4"
"CENSUS","2022","YEAR","","COUNTY","CALIFORNIA","06","SACRAMENTO VALLEY","50","YOLO","113","","","00000000","","ALMONDS","ALMONDS - ACRES BEARING","TOTAL","NOT SPECIFIED","33,019","10.4"
"CENSUS","2022","YEAR","","COUNTY","CALIFORNIA","06","SACRAMENTO VALLEY","50","YUBA","115","","","00000000","","ALMONDS","ALMONDS - ACRES BEARING","TOTAL","NOT SPECIFIED"," (D)","(D)"
"CENSUS","2022","YEAR","","COUNTY","CALIFORNIA","06","SAN JOAQUIN VALLEY","51","FRESNO","019","","","00000000","","ALMONDS","ALMONDS - ACRES BEARING","TOTAL","NOT SPECIFIED","258,460","10.4"
"CENSUS","2022","YEAR","","COUNTY","CALIFORNIA","06","SAN JOAQUIN VALLEY","51","KERN","029","","","00000000","","ALMONDS","ALMONDS - ACRES BEARING","TOTAL","NOT SPECIFIED","216,183","10.4"
"CENSUS","2022","YEAR","","COUNTY","CALIFORNIA","06","SAN JOAQUIN VALLEY","51","KINGS","031","","","00000000","","ALMONDS","ALMONDS - ACRES BEARING","TOTAL","NOT SPECIFIED","37,359","10.4"
"CENSUS","2022","YEAR","","COUNTY","CALIFORNIA","06","SAN JOAQUIN VALLEY","51","MADERA","039","","","00000000","","ALMONDS","ALMONDS - ACRES BEARING","TOTAL","NOT SPECIFIED","133,566","10.4"
"CENSUS","2022","YEAR","","COUNTY","CALIFORNIA","06","SAN JOAQUIN VALLEY","51","MERCED","047","","","00000000","","ALMONDS","ALMONDS - ACRES BEARING","TOTAL","NOT SPECIFIED","141,467","10.4"
"CENSUS","2022","YEAR","","COUNTY","CALIFORNIA","06","SAN JOAQUIN VALLEY","51","SAN JOAQUIN","077","","","00000000","","ALMONDS","ALMONDS - ACRES BEARING","TOTAL","NOT SPECIFIED","94,970","10.4"
"CENSUS","2022","YEAR","","COUNTY","CALIFORNIA","06","SAN JOAQUIN VALLEY","51","STANISLAUS","099","","","00000000","","ALMONDS","ALMONDS - ACRES BEARING","TOTAL","NOT SPECIFIED","198,594","10.4"
"CENSUS","2022","YEAR","","COUNTY","CALIFORNIA","06","SAN JOAQUIN VALLEY","51","TULARE","107","","","00000000","","ALMONDS","ALMONDS - ACRES BEARING","TOTAL","NOT SPECIFIED","60,571","10.4"
"CENSUS","2022","YEAR","","COUNTY","CALIFORNIA","06","SIERRA MOUNTAINS","60","AMADOR","005","","","00000000","","ALMONDS","ALMONDS - ACRES BEARING","TOTAL","NOT SPECIFIED"," (D)","(D)"
"CENSUS","2022","YEAR","","COUNTY","CALIFORNIA","06","SIERRA MOUNTAINS","60","CALAVERAS","009","","","00000000","","ALMONDS","ALMONDS - ACRES BEARING","TOTAL","NOT SPECIFIED"," (D)","(D)"
"CENSUS","2022","YEAR","","COUNTY","CALIFORNIA","06","SIERRA MOUNTAINS","60","EL DORADO","017","","","00000000","","ALMONDS","ALMONDS - ACRES BEARING","TOTAL","NOT SPECIFIED","1","10.4"
"CENSUS","2022","YEAR","","COUNTY","CALIFORNIA","06","SIERRA MOUNTAINS","60","MARIPOSA","043","","","00000000","","ALMONDS","ALMONDS - ACRES BEARING","TOTAL","NOT SPECIFIED"," (D)","(D)"
"CENSUS","2022","YEAR","","COUNTY","CALIFORNIA","06","SIERRA MOUNTAINS","60","NEVADA","057","","","00000000","","ALMONDS","ALMONDS - ACRES BEARING","TOTAL","NOT SPECIFIED"," (D)","(D)"
"CENSUS","2022","YEAR","","COUNTY","CALIFORNIA","06","SIERRA MOUNTAINS","60","PLACER","061","","","00000000","","ALMONDS","ALMONDS - ACRES BEARING","TOTAL","NOT SPECIFIED","871","10.4"
"CENSUS","2022","YEAR","","COUNTY","CALIFORNIA","06","SIERRA MOUNTAINS","60","TUOLUMNE","109","","","00000000","","ALMONDS","ALMONDS - ACRES BEARING","TOTAL","NOT SPECIFIED"," (D)","(D)"
"CENSUS","2022","YEAR","","COUNTY","CALIFORNIA","06","SISKIYOU-SHASTA","20","SHASTA","089","","","00000000","","ALMONDS","ALMONDS - ACRES BEARING","TOTAL","NOT SPECIFIED","5","10.4"
"CENSUS","2022","YEAR","","COUNTY","CALIFORNIA","06","SISKIYOU-SHASTA","20","SISKIYOU","093","","","00000000","","ALMONDS","ALMONDS - ACRES BEARING","TOTAL","NOT SPECIFIED"," (D)","(D)"
"CENSUS","2022","YEAR","","COUNTY","CALIFORNIA","06","SOUTHERN CALIFORNIA","80","LOS ANGELES","037","","","00000000","","ALMONDS","ALMONDS - ACRES BEARING","TOTAL","NOT SPECIFIED"," (D)","(D)"
"CENSUS","2022","YEAR","","COUNTY","CALIFORNIA","06","SOUTHERN CALIFORNIA","80","RIVERSIDE","065","","","00000000","","ALMONDS","ALMONDS - ACRES BEARING","TOTAL","NOT SPECIFIED"," (D)","(D)"
"CENSUS","2022","YEAR","","COUNTY","CALIFORNIA","06","SOUTHERN CALIFORNIA","80","SAN BERNARDINO","071","","","00000000","","ALMONDS","ALMONDS - ACRES BEARING","TOTAL","NOT SPECIFIED","108","10.4"
"CENSUS","2022","YEAR","","COUNTY","CALIFORNIA","06","SOUTHERN CALIFORNIA","80","SAN DIEGO","073","","","00000000","","ALMONDS","ALMONDS - ACRES BEARING","TOTAL","NOT SPECIFIED"," (D)","(D)"
"CENSUS","2022","YEAR","","COUNTY","CALIFORNIA","06","SOUTHERN CALIFORNIA","80","SANTA BARBARA","083","","","00000000","","ALMONDS","ALMONDS - ACRES BEARING","TOTAL","NOT SPECIFIED"," (D)","(D)"
"CENSUS","2017","YEAR","","COUNTY","CALIFORNIA","06","CENTRAL COAST","40","ALAMEDA","001","","","00000000","","ALMONDS","ALMONDS - ACRES BEARING","TOTAL","NOT SPECIFIED"," (D)","(D)"
"CENSUS","2017","YEAR","","COUNTY","CALIFORNIA","06","CENTRAL COAST","40","CONTRA COSTA","013","","","00000000","","ALMONDS","ALMONDS - ACRES BEARING","TOTAL","NOT SPECIFIED"," (D)","(D)"
"CENSUS","2017","YEAR","","COUNTY","CALIFORNIA","06","CENTRAL COAST","40","LAKE","033","","","00000000","","ALMONDS","ALMONDS - ACRES BEARING","TOTAL","NOT SPECIFIED"," (D)","(D)"
"CENSUS","2017","YEAR","","COUNTY","CALIFORNIA","06","CENTRAL COAST","40","MONTEREY","053","","","00000000","","ALMONDS","ALMONDS - ACRES BEARING","TOTAL","NOT SPECIFIED"," (D)","(D)"
"CENSUS","2017","YEAR","","COUNTY","CALIFORNIA","06","CENTRAL COAST","40","NAPA","055","","","00000000","","ALMONDS","ALMONDS - ACRES BEARING","TOTAL","NOT SPECIFIED"," (D)","(D)"
"CENSUS","2017","YEAR","","COUNTY","CALIFORNIA","06","CENTRAL COAST","40","SAN BENITO","069","","","00000000","","ALMONDS","ALMONDS - ACRES BEARING","TOTAL","NOT SPECIFIED"," (D)","(D)"
"CENSUS","2017","YEAR","","COUNTY","CALIFORNIA","06","CENTRAL COAST","40","SAN FRANCISCO","075","","","00000000","","ALMONDS","ALMONDS - ACRES BEARING","TOTAL","NOT SPECIFIED"," (D)","(D)"
"CENSUS","2017","YEAR","","COUNTY","CALIFORNIA","06","CENTRAL COAST","40","SAN LUIS OBISPO","079","","","00000000","","ALMONDS","ALMONDS - ACRES BEARING","TOTAL","NOT SPECIFIED","612","11.7"
"CENSUS","2017","YEAR","","COUNTY","CALIFORNIA","06","CENTRAL COAST","40","SANTA CLARA","085","","","00000000","","ALMONDS","ALMONDS - ACRES BEARING","TOTAL","NOT SPECIFIED"," (D)","(D)"
"CENSUS","2017","YEAR","","COUNTY","CALIFORNIA","06","CENTRAL COAST","40","SONOMA","097","","","00000000","","ALMONDS","ALMONDS - ACRES BEARING","TOTAL","NOT SPECIFIED","2","11.7"
"CENSUS","2017","YEAR","","COUNTY","CALIFORNIA","06","NORTHEAST","30","LASSEN","035","","","00000000","","ALMONDS","ALMONDS - ACRES BEARING","TOTAL","NOT SPECIFIED"," (D)","(D)"
"CENSUS","2017","YEAR","","COUNTY","CALIFORNIA","06","NORTHEAST","30","MODOC","049","","","00000000","","ALMONDS","ALMONDS - ACRES BEARING","TOTAL","NOT SPECIFIED"," (D)","(D)"
"CENSUS","2017","YEAR","","COUNTY","CALIFORNIA","06","NORTHEAST","30","PLUMAS","063","","","00000000","","ALMONDS","ALMONDS - ACRES BEARING","TOTAL","NOT SPECIFIED"," (D)","(D)"
"CENSUS","2017","YEAR","","COUNTY","CALIFORNIA","06","NORTHERN COAST","10","MENDOCINO","045","","","00000000","","ALMONDS","ALMONDS - ACRES BEARING","TOTAL","NOT SPECIFIED"," (D)","(D)"
"CENSUS","2017","YEAR","","COUNTY","CALIFORNIA","06","SACRAMENTO VALLEY","50","BUTTE","007","","","00000000","","ALMONDS","ALMONDS - ACRES BEARING","TOTAL","NOT SPECIFIED","34,683","11.7"
"CENSUS","2017","YEAR","","COUNTY","CALIFORNIA","06","SACRAMENTO VALLEY","50","COLUSA","011","","","00000000","","ALMONDS","ALMONDS - ACRES BEARING","TOTAL","NOT SPECIFIED","45,689","11.7"
"CENSUS","2017","YEAR","","COUNTY","CALIFORNIA","06","SACRAMENTO VALLEY","50","GLENN","021","","","00000000","","ALMONDS","ALMONDS - ACRES BEARING","TOTAL","NOT SPECIFIED","52,243","11.7"
"CENSUS","2017","YEAR","","COUNTY","CALIFORNIA","06","SACRAMENTO VALLEY","50","SACRAMENTO","067","","","00000000","","ALMONDS","ALMONDS - ACRES BEARING","TOTAL","NOT SPECIFIED","701","11.7"
"CENSUS","2017","YEAR","","COUNTY","CALIFORNIA","06","SACRAMENTO VALLEY","50","SOLANO","095","","","00000000","","ALMONDS","ALMONDS - ACRES BEARING","TOTAL","NOT SPECIFIED"," (D)","(D)"
"CENSUS","2017","YEAR","","COUNTY","CALIFORNIA","06","SACRAMENTO VALLEY","50","SUTTER","101","","","00000000","","ALMONDS","ALMONDS - ACRES BEARING","TOTAL","NOT SPECIFIED","6,676","11.7"
"CENSUS","2017","YEAR","","COUNTY","CALIFORNIA","06","SACRAMENTO VALLEY","50","TEHAMA","103","","","00000000","","ALMONDS","ALMONDS - ACRES BEARING","TOTAL","NOT SPECIFIED","6,213","11.7"
"CENSUS","2017","YEAR","","COUNTY","CALIFORNIA","06","SACRAMENTO VALLEY","50","YOLO","113","","","00000000","","ALMONDS","ALMONDS - ACRES BEARING","TOTAL","NOT SPECIFIED","24,124","11.7"
"CENSUS","2017","YEAR","","COUNTY","CALIFORNIA","06","SACRAMENTO VALLEY","50","YUBA","115","","","00000000","","ALMONDS","ALMONDS - ACRES BEARING","TOTAL","NOT SPECIFIED"," (D)","(D)"
"CENSUS","2017","YEAR","","COUNTY","CALIFORNIA","06","SAN JOAQUIN VALLEY","51","FRESNO","019","","","00000000","","ALMONDS","ALMONDS - ACRES BEARING","TOTAL","NOT SPECIFIED","184,725","11.7"
"CENSUS","2017","YEAR","","COUNTY","CALIFORNIA","06","SAN JOAQUIN VALLEY","51","KERN","029","","","00000000","","ALMONDS","ALMONDS - ACRES BEARING","TOTAL","NOT SPECIFIED","173,229","11.7"
"CENSUS","2017","YEAR","","COUNTY","CALIFORNIA","06","SAN JOAQUIN VALLEY","51","KINGS","031","","","00000000","","ALMONDS","ALMONDS - ACRES BEARING","TOTAL","NOT SPECIFIED","34,808","11.7"
"CENSUS","2017","YEAR","","COUNTY","CALIFORNIA","06","SAN JOAQUIN VALLEY","51","MADERA","039","","","00000000","","ALMONDS","ALMONDS - ACRES BEARING","TOTAL","NOT SPECIFIED","107,411","11.7"
"CENSUS","2017","YEAR","","COUNTY","CALIFORNIA","06","SAN JOAQUIN VALLEY","51","MERCED","047","","","00000000","","ALMONDS","ALMONDS - ACRES BEARING","TOTAL","NOT SPECIFIED","116,967","11.7"
"CENSUS","2017","YEAR","","COUNTY","CALIFORNIA","06","SAN JOAQUIN VALLEY","51","SAN JOAQUIN","077","","","00000000","","ALMONDS","ALMONDS - ACRES BEARING","TOTAL","NOT SPECIFIED","59,620","11.7"
"CENSUS","2017","YEAR","","COUNTY","CALIFORNIA","06","SAN JOAQUIN VALLEY","51","STANISLAUS","099","","","00000000","","ALMONDS","ALMONDS - ACRES BEARING","TOTAL","NOT SPECIFIED","162,963","11.7"
"CENSUS","2017","YEAR","","COUNTY","CALIFORNIA","06","SAN JOAQUIN VALLEY","51","TULARE","107","","","00000000","","ALMONDS","ALMONDS - ACRES BEARING","TOTAL","NOT SPECIFIED","36,096","11.7"
"CENSUS","2017","YEAR","","COUNTY","CALIFORNIA","06","SIERRA MOUNTAINS","60","CALAVERAS","009","","","00000000","","ALMONDS","ALMONDS - ACRES BEARING","TOTAL","NOT SPECIFIED"," (D)","(D)"
"CENSUS","2017","YEAR","","COUNTY","CALIFORNIA","06","SIERRA MOUNTAINS","60","EL DORADO","017","","","00000000","","ALMONDS","ALMONDS - ACRES BEARING","TOTAL","NOT SPECIFIED","2","11.7"
"CENSUS","2017","YEAR","","COUNTY","CALIFORNIA","06","SIERRA MOUNTAINS","60","INYO","027","","","00000000","","ALMONDS","ALMONDS - ACRES BEARING","TOTAL","NOT SPECIFIED"," (D)","(D)"
"CENSUS","2017","YEAR","","COUNTY","CALIFORNIA","06","SIERRA MOUNTAINS","60","MARIPOSA","043","","","00000000","","ALMONDS","ALMONDS - ACRES BEARING","TOTAL","NOT SPECIFIED"," (D)","(D)"
"CENSUS","2017","YEAR","","COUNTY","CALIFORNIA","06","SIERRA MOUNTAINS","60","NEVADA","057","","","00000000","","ALMONDS","ALMONDS - ACRES BEARING","TOTAL","NOT SPECIFIED"," (D)","(D)"
"CENSUS","2017","YEAR","","COUNTY","CALIFORNIA","06","SIERRA MOUNTAINS","60","PLACER","061","","","00000000","","ALMONDS","ALMONDS - ACRES BEARING","TOTAL","NOT SPECIFIED","8","11.7"
"CENSUS","2017","YEAR","","COUNTY","CALIFORNIA","06","SISKIYOU-SHASTA","20","SHASTA","089","","","00000000","","ALMONDS","ALMONDS - ACRES BEARING","TOTAL","NOT SPECIFIED","1","11.7"
"CENSUS","2017","YEAR","","COUNTY","CALIFORNIA","06","SOUTHERN CALIFORNIA","80","LOS ANGELES","037","","","00000000","","ALMONDS","ALMONDS - ACRES BEARING","TOTAL","NOT SPECIFIED"," (D)","(D)"
"CENSUS","2017","YEAR","","COUNTY","CALIFORNIA","06","SOUTHERN CALIFORNIA","80","RIVERSIDE","065","","","00000000","","ALMONDS","ALMONDS - ACRES BEARING","TOTAL","NOT SPECIFIED","152","11.7"
"CENSUS","2017","YEAR","","COUNTY","CALIFORNIA","06","SOUTHERN CALIFORNIA","80","SAN BERNARDINO","071","","","00000000","","ALMONDS","ALMONDS - ACRES BEARING","TOTAL","NOT SPECIFIED"," (D)","(D)"
"CENSUS","2017","YEAR","","COUNTY","CALIFORNIA","06","SOUTHERN CALIFORNIA","80","SAN DIEGO","073","","","00000000","","ALMONDS","ALMONDS - ACRES BEARING","TOTAL","NOT SPECIFIED","3","11.7"
"CENSUS","2017","YEAR","","COUNTY","CALIFORNIA","06","SOUTHERN CALIFORNIA","80","SANTA BARBARA","083","","","00000000","","ALMONDS","ALMONDS - ACRES BEARING","TOTAL","NOT SPECIFIED"," (D)","(D)"
"CENSUS","2012","YEAR","","COUNTY","CALIFORNIA","06","CENTRAL COAST","40","ALAMEDA","001","","","00000000","","ALMONDS","ALMONDS - ACRES BEARING","TOTAL","NOT SPECIFIED"," (D)","(D)"
"CENSUS","2012","YEAR","","COUNTY","CALIFORNIA","06","CENTRAL COAST","40","CONTRA COSTA","013","","","00000000","","ALMONDS","ALMONDS - ACRES BEARING","TOTAL","NOT SPECIFIED"," (D)","(D)"
"CENSUS","2012","YEAR","","COUNTY","CALIFORNIA","06","CENTRAL COAST","40","LAKE","033","","","00000000","","ALMONDS","ALMONDS - ACRES BEARING","TOTAL","NOT SPECIFIED"," (D)","(D)"
"CENSUS","2012","YEAR","","COUNTY","CALIFORNIA","06","CENTRAL COAST","40","MONTEREY","053","","","00000000","","ALMONDS","ALMONDS - ACRES BEARING","TOTAL","NOT SPECIFIED"," (D)","(D)"
"CENSUS","2012","YEAR","","COUNTY","CALIFORNIA","06","CENTRAL COAST","40","NAPA","055","","","00000000","","ALMONDS","ALMONDS - ACRES BEARING","TOTAL","NOT SPECIFIED"," (D)","(D)"
"CENSUS","2012","YEAR","","COUNTY","CALIFORNIA","06","CENTRAL COAST","40","SAN BENITO","069","","","00000000","","ALMONDS","ALMONDS - ACRES BEARING","TOTAL","NOT SPECIFIED"," (D)","(D)"
"CENSUS","2012","YEAR","","COUNTY","CALIFORNIA","06","CENTRAL COAST","40","SAN LUIS OBISPO","079","","","00000000","","ALMONDS","ALMONDS - ACRES BEARING","TOTAL","NOT SPECIFIED","595","6.2"
"CENSUS","2012","YEAR","","COUNTY","CALIFORNIA","06","CENTRAL COAST","40","SANTA CLARA","085","","","00000000","","ALMONDS","ALMONDS - ACRES BEARING","TOTAL","NOT SPECIFIED","176","6.2"
"CENSUS","2012","YEAR","","COUNTY","CALIFORNIA","06","CENTRAL COAST","40","SANTA CRUZ","087","","","00000000","","ALMONDS","ALMONDS - ACRES BEARING","TOTAL","NOT SPECIFIED"," (Z)","6.2"
"CENSUS","2012","YEAR","","COUNTY","CALIFORNIA","06","CENTRAL COAST","40","SONOMA","097","","","00000000","","ALMONDS","ALMONDS - ACRES BEARING","TOTAL","NOT SPECIFIED","5","6.2"
"CENSUS","2012","YEAR","","COUNTY","CALIFORNIA","06","NORTHEAST","30","LASSEN","035","","","00000000","","ALMONDS","ALMONDS - ACRES BEARING","TOTAL","NOT SPECIFIED"," (D)","(D)"
"CENSUS","2012","YEAR","","COUNTY","CALIFORNIA","06","NORTHERN COAST","10","HUMBOLDT","023","","","00000000","","ALMONDS","ALMONDS - ACRES BEARING","TOTAL","NOT SPECIFIED"," (D)","(D)"
"CENSUS","2012","YEAR","","COUNTY","CALIFORNIA","06","SACRAMENTO VALLEY","50","BUTTE","007","","","00000000","","ALMONDS","ALMONDS - ACRES BEARING","TOTAL","NOT SPECIFIED"," (D)","(D)"
"CENSUS","2012","YEAR","","COUNTY","CALIFORNIA","06","SACRAMENTO VALLEY","50","COLUSA","011","","","00000000","","ALMONDS","ALMONDS - ACRES BEARING","TOTAL","NOT SPECIFIED"," (D)","(D)"
"CENSUS","2012","YEAR","","COUNTY","CALIFORNIA","06","SACRAMENTO VALLEY","50","GLENN","021","","","00000000","","ALMONDS","ALMONDS - ACRES BEARING","TOTAL","NOT SPECIFIED","45,693","6.2"
"CENSUS","2012","YEAR","","COUNTY","CALIFORNIA","06","SACRAMENTO VALLEY","50","SACRAMENTO","067","","","00000000","","ALMONDS","ALMONDS - ACRES BEARING","TOTAL","NOT SPECIFIED"," (D)","(D)"
"CENSUS","2012","YEAR","","COUNTY","CALIFORNIA","06","SACRAMENTO VALLEY","50","SOLANO","095","","","00000000","","ALMONDS","ALMONDS - ACRES BEARING","TOTAL","NOT SPECIFIED"," (D)","(D)"
"CENSUS","2012","YEAR","","COUNTY","CALIFORNIA","06","SACRAMENTO VALLEY","50","SUTTER","101","","","00000000","","ALMONDS","ALMONDS - ACRES BEARING","TOTAL","NOT SPECIFIED","6,975","6.2"
"CENSUS","2012","YEAR","","COUNTY","CALIFORNIA","06","SACRAMENTO VALLEY","50","TEHAMA","103","","","00000000","","ALMONDS","ALMONDS - ACRES BEARING","TOTAL","NOT SPECIFIED","6,555","6.2"
"CENSUS","2012","YEAR","","COUNTY","CALIFORNIA","06","SACRAMENTO VALLEY","50","YOLO","113","","","00000000","","ALMONDS","ALMONDS - ACRES BEARING","TOTAL","NOT SPECIFIED","11,882","6.2"
"CENSUS","2012","YEAR","","COUNTY","CALIFORNIA","06","SACRAMENTO VALLEY","50","YUBA","115","","","00000000","","ALMONDS","ALMONDS - ACRES BEARING","TOTAL","NOT SPECIFIED"," (D)","(D)"
"CENSUS","2012","YEAR","","COUNTY","CALIFORNIA","06","SAN JOAQUIN VALLEY","51","FRESNO","019","","","00000000","","ALMONDS","ALMONDS - ACRES BEARING","TOTAL","NOT SPECIFIED","132,091","6.2"
"CENSUS","2012","YEAR","","COUNTY","CALIFORNIA","06","SAN JOAQUIN VALLEY","51","KERN","029","","","00000000","","ALMONDS","ALMONDS - ACRES BEARING","TOTAL","NOT SPECIFIED","143,809","6.2"
"CENSUS","2012","YEAR","","COUNTY","CALIFORNIA","06","SAN JOAQUIN VALLEY","51","KINGS","031","","","00000000","","ALMONDS","ALMONDS - ACRES BEARING","TOTAL","NOT SPECIFIED","18,501","6.2"
"CENSUS","2012","YEAR","","COUNTY","CALIFORNIA","06","SAN JOAQUIN VALLEY","51","MADERA","039","","","00000000","","ALMONDS","ALMONDS - ACRES BEARING","TOTAL","NOT SPECIFIED","80,630","6.2"
"CENSUS","2012","YEAR","","COUNTY","CALIFORNIA","06","SAN JOAQUIN VALLEY","51","MERCED","047","","","00000000","","ALMONDS","ALMONDS - ACRES BEARING","TOTAL","NOT SPECIFIED","101,499","6.2"
"CENSUS","2012","YEAR","","COUNTY","CALIFORNIA","06","SAN JOAQUIN VALLEY","51","SAN JOAQUIN","077","","","00000000","","ALMONDS","ALMONDS - ACRES BEARING","TOTAL","NOT SPECIFIED","46,380","6.2"
"CENSUS","2012","YEAR","","COUNTY","CALIFORNIA","06","SAN JOAQUIN VALLEY","51","STANISLAUS","099","","","00000000","","ALMONDS","ALMONDS - ACRES BEARING","TOTAL","NOT SPECIFIED","120,339","6.2"
"CENSUS","2012","YEAR","","COUNTY","CALIFORNIA","06","SAN JOAQUIN VALLEY","51","TULARE","107","","","00000000","","ALMONDS","ALMONDS - ACRES BEARING","TOTAL","NOT SPECIFIED","22,365","6.2"
"CENSUS","2012","YEAR","","COUNTY","CALIFORNIA","06","SIERRA MOUNTAINS","60","CALAVERAS","009","","","00000000","","ALMONDS","ALMONDS - ACRES BEARING","TOTAL","NOT SPECIFIED"," (D)","(D)"
"CENSUS","2012","YEAR","","COUNTY","CALIFORNIA","06","SIERRA MOUNTAINS","60","EL DORADO","017","","","00000000","","ALMONDS","ALMONDS - ACRES BEARING","TOTAL","NOT SPECIFIED","3","6.2"
"CENSUS","2012","YEAR","","COUNTY","CALIFORNIA","06","SIERRA MOUNTAINS","60","MARIPOSA","043","","","00000000","","ALMONDS","ALMONDS - ACRES BEARING","TOTAL","NOT SPECIFIED"," (D)","(D)"
"CENSUS","2012","YEAR","","COUNTY","CALIFORNIA","06","SIERRA MOUNTAINS","60","NEVADA","057","","","00000000","","ALMONDS","ALMONDS - ACRES BEARING","TOTAL","NOT SPECIFIED","1","6.2"
"CENSUS","2012","YEAR","","COUNTY","CALIFORNIA","06","SIERRA MOUNTAINS","60","PLACER","061","","","00000000","","ALMONDS","ALMONDS - ACRES BEARING","TOTAL","NOT SPECIFIED","19","6.2"
"CENSUS","2012","YEAR","","COUNTY","CALIFORNIA","06","SIERRA MOUNTAINS","60","TUOLUMNE","109","","","00000000","","ALMONDS","ALMONDS - ACRES BEARING","TOTAL","NOT SPECIFIED"," (D)","(D)"
"CENSUS","2012","YEAR","","COUNTY","CALIFORNIA","06","SISKIYOU-SHASTA","20","SHASTA","089","","","00000000","","ALMONDS","ALMONDS - ACRES BEARING","TOTAL","NOT SPECIFIED"," (D)","(D)"
"CENSUS","2012","YEAR","","COUNTY","CALIFORNIA","06","SISKIYOU-SHASTA","20","SISKIYOU","093","","","00000000","","ALMONDS","ALMONDS - ACRES BEARING","TOTAL","NOT SPECIFIED"," (D)","(D)"
"CENSUS","2012","YEAR","","COUNTY","CALIFORNIA","06","SOUTHERN CALIFORNIA","80","LOS ANGELES","037","","","00000000","","ALMONDS","ALMONDS - ACRES BEARING","TOTAL","NOT SPECIFIED"," (D)","(D)"
"CENSUS","2012","YEAR","","COUNTY","CALIFORNIA","06","SOUTHERN CALIFORNIA","80","RIVERSIDE","065","","","00000000","","ALMONDS","ALMONDS - ACRES BEARING","TOTAL","NOT SPECIFIED"," (D)","(D)"
"CENSUS","2012","YEAR","","COUNTY","CALIFORNIA","06","SOUTHERN CALIFORNIA","80","SAN BERNARDINO","071","","","00000000","","ALMONDS","ALMONDS - ACRES BEARING","TOTAL","NOT SPECIFIED"," (D)","(D)"
"CENSUS","2012","YEAR","","COUNTY","CALIFORNIA","06","SOUTHERN CALIFORNIA","80","SAN DIEGO","073","","","00000000","","ALMONDS","ALMONDS - ACRES BEARING","TOTAL","NOT SPECIFIED"," (D)","(D)"
"CENSUS","2012","YEAR","","COUNTY","CALIFORNIA","06","SOUTHERN CALIFORNIA","80","SANTA BARBARA","083","","","00000000","","ALMONDS","ALMONDS - ACRES BEARING","TOTAL","NOT SPECIFIED"," (D)","(D)"
"CENSUS","2012","YEAR","","COUNTY","CALIFORNIA","06","SOUTHERN CALIFORNIA","80","VENTURA","111","","","00000000","","ALMONDS","ALMONDS - ACRES BEARING","TOTAL","NOT SPECIFIED"," (D)","(D)"
